,eval_v4_p_v2_p_mid_1200_time,eval_v4_p_v2_p_mid_1200_success,eval_v4_q_v2_q_mid_1200_time,eval_v4_q_v2_q_mid_1200_success
0,1200.237784,0,1201.52079,0
1,390.9886,1,582.813047,1
2,1202.420653,0,1203.126772,0
3,316.546838,1,1201.460986,0
4,1201.315128,0,1200.636944,0
5,1200.005926,0,253.195585,1
6,496.427647,1,1203.908299,0
7,116.876892,1,173.659936,1
8,1200.198461,0,756.362515,1
9,1201.092788,0,1200.102682,0
10,1201.397296,0,522.812101,1
11,1200.104374,0,1200.498855,0
12,45.112823,1,1204.29294,0
13,181.763373,1,1200.687078,0
14,1200.095692,0,1204.214219,0
15,1200.682744,0,631.145542,1
16,540.862724,1,1200.124659,0
17,560.365562,1,264.064298,1
18,1206.20769,0,1204.487566,0
19,1200.389818,0,380.137624,1
20,80.931752,1,1202.731502,0
21,184.274545,1,1204.41239,0
22,255.614479,1,407.794181,1
23,1200.264379,0,1205.335931,0
24,1200.764222,0,1201.19315,0
25,766.640507,1,1200.130753,0
26,55.60339,1,1201.395336,0
27,1200.158288,0,1201.18508,0
28,1200.690535,0,151.086535,1
29,1202.653341,0,1209.08459,0
30,1201.213974,0,1200.437147,0
31,431.327359,1,1203.428653,0
32,1201.032096,0,1203.243846,0
33,1201.730479,0,1203.495208,0
34,1201.24712,0,1202.206445,0
35,117.452345,1,233.940463,1
36,150.775952,1,315.495954,1
